[
  {
    "id": 1,
    "title": "Promo\u00e7\u00e3o 1",
    "store_name": "Loja 1",
    "price_promotional": "99.00",
    "images": [
      "https://via.placeholder.com/800x1200.png?text=Promo+1"
    ],
    "video_url": "https://www.w3schools.com/html/mov_bbb.mp4",
    "likes": 0,
    "saved_count": 0
  },
  {
    "id": 2,
    "title": "Promo\u00e7\u00e3o 2",
    "store_name": "Loja 2",
    "price_promotional": "98.00",
    "images": [
      "https://via.placeholder.com/800x1200.png?text=Promo+2"
    ],
    "video_url": null,
    "likes": 0,
    "saved_count": 0
  },
  {
    "id": 3,
    "title": "Promo\u00e7\u00e3o 3",
    "store_name": "Loja 3",
    "price_promotional": "97.00",
    "images": [
      "https://via.placeholder.com/800x1200.png?text=Promo+3"
    ],
    "video_url": null,
    "likes": 0,
    "saved_count": 0
  },
  {
    "id": 4,
    "title": "Promo\u00e7\u00e3o 4",
    "store_name": "Loja 4",
    "price_promotional": "96.00",
    "images": [
      "https://via.placeholder.com/800x1200.png?text=Promo+4"
    ],
    "video_url": "https://www.w3schools.com/html/mov_bbb.mp4",
    "likes": 0,
    "saved_count": 0
  },
  {
    "id": 5,
    "title": "Promo\u00e7\u00e3o 5",
    "store_name": "Loja 1",
    "price_promotional": "95.00",
    "images": [
      "https://via.placeholder.com/800x1200.png?text=Promo+5"
    ],
    "video_url": null,
    "likes": 0,
    "saved_count": 0
  },
  {
    "id": 6,
    "title": "Promo\u00e7\u00e3o 6",
    "store_name": "Loja 2",
    "price_promotional": "94.00",
    "images": [
      "https://via.placeholder.com/800x1200.png?text=Promo+6"
    ],
    "video_url": null,
    "likes": 0,
    "saved_count": 0
  },
  {
    "id": 7,
    "title": "Promo\u00e7\u00e3o 7",
    "store_name": "Loja 3",
    "price_promotional": "93.00",
    "images": [
      "https://via.placeholder.com/800x1200.png?text=Promo+7"
    ],
    "video_url": "https://www.w3schools.com/html/mov_bbb.mp4",
    "likes": 0,
    "saved_count": 0
  },
  {
    "id": 8,
    "title": "Promo\u00e7\u00e3o 8",
    "store_name": "Loja 4",
    "price_promotional": "92.00",
    "images": [
      "https://via.placeholder.com/800x1200.png?text=Promo+8"
    ],
    "video_url": null,
    "likes": 0,
    "saved_count": 0
  }
]